"id","first_name","last_name","shipping_address_id","email","phone","country","zip","city"
2,John,Doe,2,john.doe@example.com,"1234567890",USA,"10001",New York
3,Jane,Doe,4,jane.doe@example.com,"1234567890",USA,"10001",New York
4,igor,tadić,5,igortadicsudo@admin.hr,"1234567890",Croatia,"10001",Zagreb
5,Vinko,Horvat,6,itsvinko@kupac.hr,"41320841",Croatia,"10000",Zagreb
6,Dobrožizna,Pribislava,7,dobrozizna@pribislava.com,"413201321",Slovenia,"10321",Maribor
7,Destiny,Wiggins,,shaneyoung@example.net,"001-583-518-2254x95022",Cyprus,"26271",Mccormickland
8,Megan,Clements,,dustin77@example.net,"6954872725",Lithuania,"28493",Ronaldside
9,Benjamin,Perry,,colton27@example.org,(613)600-6494x410,Armenia,"10407",Woodtown
10,David,Juarez,,torreskathleen@example.net,"465-895-1497",Greenland,"36644",Amberchester
11,Katie,Burns,,nwilliams@example.net,"4967451850",Kiribati,"16620",North Charlesmouth
12,Wendy,Lambert,,jenkinslori@example.org,"708.952.4909x847",Yemen,"86784",Port Jonathan
13,Darryl,Murillo,,michellele@example.net,"749-495-2453x49449",Equatorial Guinea,"99469",West Jeffrey
14,Andrew,Jensen,,pparker@example.com,"687.306.9034",Kenya,"17026",East Kaitlynport
15,David,Nguyen,,michael36@example.net,"889-574-8614x7429",Nauru,"83595",Michelemouth
16,Jordan,Martinez,,luis41@example.net,"484.484.5852x079",Korea,"90590",Karenland
17,Melissa,Camacho,,michael26@example.com,"673.338.1088",Swaziland,"46292",Ryanshire
18,Jason,Ellis,,psexton@example.org,"364.732.7159",Cuba,"23265",New Deborahborough
19,Joseph,Watkins,,ppratt@example.org,+1-772-240-7570x221,Timor-Leste,"14656",Andersonborough
20,Cindy,Sherman,,rdean@example.com,"484.480.6059",Senegal,"11633",New Wendyland
21,Kathryn,Smith,,ravensmith@example.net,"896.955.2906",Thailand,"80483",Frazierhaven
22,Heather,Drake,,kristasanders@example.org,(644)282-6041,Saint Lucia,"90734",Jonesville
23,Jonathon,Lucas,,nancywhite@example.com,"701.282.0637x022",Algeria,"80346",Heatherfort
24,Jaclyn,Lester,,fsanchez@example.net,"9794013820",Syrian Arab Republic,"87592",Hoganport
25,Alexandra,Nichols,,nathaniel62@example.com,"815.675.9911x5527",British Indian Ocean Territory (Chagos Archipelago),"51122",Grahamfort
26,Beth,Miller,,morrisangie@example.com,"001-376-487-8261x838",Tanzania,"91359",North Jonathan
27,Johnny,Brooks,,thomasyoung@example.com,(693)912-9426x110,Jordan,"73039",North Raymondport
28,Mary,Stuart,,jamesbrown@example.com,+1-662-261-5735x1588,Anguilla,"89117",Lake Michael
29,Kevin,Torres,,vriley@example.com,+1-910-481-7274,United States Minor Outlying Islands,"63542",Youngshire
30,Anthony,Walker,,robertperez@example.org,(559)373-2938,Nicaragua,"94533",Matthewfurt
31,Daniel,Spears,,thomasmark@example.org,"264-874-8576",Russian Federation,"96858",Churchfort
32,Sarah,Hurst,,pricechristian@example.com,(399)211-4577x65956,Brazil,"53260",New Donnaland
33,Darlene,Adams,,millsnoah@example.net,+1-847-647-0890,Nepal,"39918",New Justinmouth
34,Kelli,Pittman,,williambrown@example.net,(830)811-0271,Cuba,"09971",Amberchester
35,Spencer,Ramirez,,nconway@example.net,"430.647.7666x168",Iraq,"59954",Brianburgh
36,Megan,Davis,,taylor97@example.com,+1-657-627-8387x972,Lesotho,"89451",Taylorhaven
37,Lori,Beard,,romeromegan@example.com,"9979871530",Turkmenistan,"47014",Andreside
38,Adam,Guerra,,destinyramirez@example.net,+1-991-315-8608x93995,Bouvet Island (Bouvetoya),"36804",South Erica
39,James,Perez,,smithjeremiah@example.net,"496-804-6215x1058",Sri Lanka,"34824",East Eric
40,Crystal,Neal,,tfrazier@example.org,(463)275-0784,Korea,"68767",Lauraville
41,Luke,Gonzalez,,ljohnson@example.net,"368.708.6960",Nigeria,"51068",South Cassandra
42,Jamie,Brown,,obrown@example.net,"001-983-914-2786",Tokelau,"53209",Port Walter
43,Kevin,Yang,,warethomas@example.net,"001-988-423-3119",Northern Mariana Islands,"72318",Martinezbury
44,Sarah,Snyder,,dramirez@example.org,"870.864.4993",Kyrgyz Republic,"55699",East Judith
45,Michael,Ali,,william94@example.com,+1-304-218-6638x9748,Norfolk Island,"31870",Normanview
46,Bradley,Brown,,martha23@example.org,(737)399-7078x7608,Faroe Islands,"27323",West Donaldborough
47,Shirley,Le,,sharon96@example.com,"001-648-778-6392",Saint Lucia,"56361",Johnsonshire
48,Hunter,Day,,simmonsjeffrey@example.net,(511)814-8629x7366,Kuwait,"02003",Lambborough
49,Kristin,Hoover,,jordan07@example.org,+1-826-366-7564x7872,Finland,"04060",Grossport
50,Brandon,Allen,,jhudson@example.org,+1-575-738-8004x6709,Venezuela,"79922",Lake Miguel
51,Megan,Ayala,,rwilson@example.com,(929)845-2075x02339,Central African Republic,"47965",Cindystad
52,Tina,Lowe,,richardchase@example.org,"001-777-530-1495",Venezuela,"89968",South Jasonstad
53,Nicholas,Jones,,dkhan@example.org,"2116544181",India,"50519",Donaldville
54,Jasmine,Mills,,tina80@example.com,(685)800-0952,Palestinian Territory,"43291",East Rachel
55,David,Clark,,justin73@example.com,"001-584-961-5593x007",Grenada,"49079",Port Christopher
56,Brenda,Lang,,pamelabell@example.org,"758-771-7912",Portugal,"19512",East Shawn
57,Brian,Pearson,,bmeyer@example.com,(680)519-3752x5962,Guadeloupe,"70446",Riverashire
58,Miguel,Hopkins,,michellerojas@example.org,(540)771-8463,Papua New Guinea,"65933",Eatonburgh
59,Matthew,Miller,,kevincook@example.org,"482-796-0320",Kuwait,"34030",Sanchezshire
60,Donald,Lyons,,bryan96@example.net,"001-660-208-8423x578",Bahamas,"34538",Houseberg
61,Ethan,Brooks,,watsonerika@example.net,"873-926-3059x5019",Maldives,"16450",East Michaelmouth
62,Richard,Patterson,,shawnbarrett@example.net,(827)638-0571,Faroe Islands,"70283",Lake Teresaland
63,Thomas,Butler,,john47@example.com,+1-655-990-9317x53519,Malawi,"20203",Shawfort
64,Henry,Nelson,,rjackson@example.net,"9886700003",French Southern Territories,"45079",Angelabury
65,Keith,Dixon,,cchang@example.com,+1-884-747-8189x962,Germany,"28789",Robertshire
66,Andrea,Mendez,,dwayne20@example.com,"852-478-5721x332",Pitcairn Islands,"02043",Willieville
67,Kevin,Burnett,,johnanderson@example.com,"617.282.6081",Lesotho,"89795",Hayesland
68,Tara,Hubbard,,heather24@example.net,"001-885-395-5071x3283",Saint Kitts and Nevis,"08331",East Randallfort
69,Carla,Bartlett,,gary89@example.org,"001-879-906-7435x21152",Mali,"19504",East Karentown
70,Kevin,Raymond,,nichole65@example.net,(894)557-3980x693,Algeria,"82910",Port Destinyfort
71,Robert,Campbell,,joshuajohnson@example.net,+1-405-246-0316x87605,Papua New Guinea,"24057",South Dustinside
72,William,Perkins,,mbrown@example.org,"699-534-5521x99889",Namibia,"84343",Jenniferbury
73,Julie,Marshall,,duncancole@example.net,"001-458-545-9291x455",Monaco,"09078",Lake Christine
74,Johnny,Jenkins,,stoneeric@example.org,"397.547.0016",South Georgia and the South Sandwich Islands,"04374",Davischester
75,Ryan,Swanson,,cabrerajason@example.org,+1-771-908-8115x9699,French Southern Territories,"92880",North Bradleymouth
76,Ashley,Barrett,,xbrown@example.org,+1-288-895-0238x7302,Vanuatu,"88854",Kaiserbury
77,Michael,Miller,,qgilbert@example.net,"869-560-1550x7949",Bangladesh,"77015",North Dominiquefurt
78,Craig,Dean,,garciasean@example.net,"413.649.6968",Kiribati,"97282",Port Sherrychester
79,Karen,Jones,,richardsandoval@example.net,"8616167649",Myanmar,"01259",South Andrea
80,Harold,Poole,,jacqueline24@example.net,"221.827.3408x6443",Azerbaijan,"98246",Millertown
81,Jeremy,Miller,,robertgreen@example.com,"001-647-394-4143x4189",Kiribati,"99938",North Maria
82,Derrick,Foster,,williamsmolly@example.com,"7425173099",Albania,"24219",New Michael
83,Corey,Strickland,,fwilliams@example.com,"001-556-698-8662x6232",Suriname,"17364",North Troyberg
84,Ryan,Carter,,martin59@example.org,(749)411-2418x321,Guadeloupe,"78920",Ashleyfort
85,Darren,Jones,,victoriasimmons@example.net,(438)297-1277x427,Trinidad and Tobago,"30328",Port Margaret
86,Paula,Harvey,,icollins@example.org,"365.831.0181x09351",Austria,"77622",Heathershire
87,Allison,Rodriguez,,vward@example.com,"826.752.7283",Kiribati,"26468",East Stephenport
88,Diane,Mendez,,hudsonkevin@example.net,(902)481-4022,Tajikistan,"82475",Sheltonstad
89,Cindy,Walker,,frenchjessica@example.com,"001-943-838-6798x809",Central African Republic,"07627",Port Stephanie
90,Megan,Gamble,,guerrerologan@example.net,+1-661-945-8935x3730,Korea,"57828",South Daniellechester
91,Mark,Taylor,,frederick00@example.net,(675)764-0981x49876,Malta,"79911",Michaelton
92,Stephanie,White,,mbond@example.org,"287-385-2799x50430",Croatia,"02720",South Sydney
93,Brian,Baker,,jonesmary@example.org,(849)335-8140,Cote d'Ivoire,"40515",West Ronaldberg
94,Nicole,Davidson,,yvonne12@example.org,"411.704.2444x815",Turks and Caicos Islands,"19014",East Phillip
95,Clayton,Henry,,perezerica@example.org,"7958794744",Albania,"52136",Lake James
96,Daniel,Stevenson,,arthurcollins@example.net,+1-358-594-9474x47525,Belarus,"15268",Lake Danielfurt
97,Richard,Cannon,,jamesblair@example.org,(852)371-0026x37170,San Marino,"47455",West Caitlin
98,Glenda,Gillespie,,rjones@example.org,(755)747-8573,Saint Helena,"11874",Kellyhaven
99,Cole,Mitchell,,gmartin@example.net,"677.298.3405",Niue,"59053",Carriestad
100,Shannon,Lowe,,shane16@example.org,"001-989-683-4377",Liechtenstein,"85447",Cainmouth
101,Rodney,Mcgee,,sandramata@example.net,+1-981-369-9542,Timor-Leste,"51545",Bonniemouth
102,Peggy,Harris,,stonehector@example.org,"4953091743",Sudan,"41236",East Ryan
103,Bryan,Chang,,timothylong@example.net,"267.397.0185x364",Maldives,"49196",Rebeccaland
104,Andrea,Edwards,,hillisaiah@example.com,(689)892-6006x21337,Guyana,"80874",East Cristinafurt
105,Virginia,Kirk,,aarontorres@example.com,(924)703-2464,Panama,"33707",South Marcusfurt
106,William,Moran,,andrea23@example.com,"248.641.1965",Zambia,"91006",Walshhaven
107,Jason,Chambers,,kim53@example.net,(318)912-9045x8776,Spain,"93285",Hopkinstown
108,Sean,Burke,,amy20@example.com,"001-744-320-1391x123",Jamaica,"90577",Smithborough
109,Candice,Johnson,,jbennett@example.com,"001-741-691-4979x6886",Canada,"71134",Andrewview
110,Justin,Rojas,,aaronhunt@example.com,(833)422-3446,Costa Rica,"72779",Mosesland
111,Cynthia,Woods,,andrea49@example.net,"001-866-753-3589",Pitcairn Islands,"21419",South Robert
112,Joan,Fowler,,cannonshannon@example.com,"001-357-345-0521x804",Western Sahara,"65429",Melissachester
113,Darryl,Porter,,samuelhamilton@example.org,(491)215-8981,American Samoa,"79297",Cannonton
114,Deborah,Nichols,,richard63@example.com,+1-967-974-3189,Sao Tome and Principe,"18356",Jacobshaven
115,Melissa,Hill,,jesusgarrison@example.org,"289.715.6462x826",Bouvet Island (Bouvetoya),"67907",West Bruce
116,Brianna,Harris,,gsummers@example.net,(586)717-4554x2090,Libyan Arab Jamahiriya,"07959",Bryantown
117,Christy,Bates,,ijohnson@example.net,+1-309-601-8256x840,Dominican Republic,"09141",Greentown
118,Samuel,Dickerson,,lukeward@example.com,(952)979-5600x5856,Syrian Arab Republic,"96442",South Jameshaven
119,Christopher,Morgan,,donald73@example.org,"8032879501",Wallis and Futuna,"23086",Jillstad
120,Jerry,Leon,,tfoster@example.org,(348)419-7641x1404,Wallis and Futuna,"31828",Lamberthaven
121,Lorraine,Miller,,awise@example.org,(279)710-9666,Greece,"82879",South Rhondashire
122,Christina,Cummings,,barryjones@example.org,"001-424-714-6189x44980",Dominica,"46353",Garciafort
123,Jeffrey,Doyle,,rcummings@example.com,"001-669-255-6769",Lithuania,"95410",West Kellyside
124,Sandra,Hurley,,brownbobby@example.net,"001-997-580-9640x44806",Slovenia,"38923",Jillfurt
125,Beth,Villa,,dennisgomez@example.com,"802-343-7592",Italy,"27473",East Pamela
126,Melissa,Vargas,,vgibson@example.com,(368)717-1988x3780,Martinique,"58000",Solisborough
127,Jessica,Brown,,annamcintosh@example.net,(996)493-2826,Albania,"98214",North Joy
128,Marilyn,Grant,,khunter@example.net,"895-520-9578x2281",Mexico,"17550",Gomezfurt
129,Joseph,Davis,,josebrown@example.com,"2798451233",Angola,"12549",Weisschester
130,Sarah,Walker,,alicynthia@example.com,"9199700605",Ireland,"75937",North Thomas
131,Darren,Kramer,,justin75@example.org,"475.757.9536",Moldova,"48314",Dicksonmouth
132,John,Shaffer,,ljones@example.net,"213.309.9697x917",Morocco,"56236",New Leviview
133,Tracy,Parker,,averyjames@example.com,"9827189462",Singapore,"12618",Andrewton
134,Michelle,Hernandez,,kelseysnyder@example.net,(866)546-6978,Finland,"06538",Deannabury
135,Samuel,Yates,,jessemejia@example.com,"001-479-706-5195",Guam,"25399",Williamshaven
136,Karen,Galvan,,zalvarez@example.org,"592.437.9376x5652",Ireland,"19554",Weststad
137,Charles,Romero,,craig94@example.com,+1-863-346-0651x128,Paraguay,"52009",East Elizabethborough
138,Erik,Livingston,,nicholas48@example.org,"001-489-664-0200x9053",Wallis and Futuna,"19595",Robinsonmouth
139,Katelyn,Johnston,,fwoods@example.net,(738)665-5269,Vietnam,"86486",Hendricksland
140,Mary,Davis,,jreynolds@example.com,"2392057835",Netherlands Antilles,"43552",North Wesleyhaven
141,Michael,Martinez,,jacobjones@example.net,(619)675-3600x8994,Bolivia,"34598",Burnettberg
142,Mary,Owens,,erica91@example.org,+1-518-610-8845x601,Fiji,"78500",Melissamouth
143,Shannon,Sandoval,,davissydney@example.net,"709.571.5851x131",Malaysia,"75355",Herreraberg
144,Amanda,Yates,,esingleton@example.com,+1-252-487-1878x803,San Marino,"24198",West Kaylabury
145,Angela,Meadows,,veleznancy@example.org,"3359831160",United States Virgin Islands,"57620",Lake Michael
146,Kaitlin,Lee,,kathy56@example.com,"9525794666",Rwanda,"74235",North James
147,Lisa,Adams,,mramos@example.com,"532.970.2118x32116",Belize,"85748",Joyside
148,Rita,Goodwin,,craig05@example.net,+1-898-653-7986x1556,Gambia,"31009",East Jeremy
149,Pamela,Velazquez,,emilyerickson@example.net,"357-965-5491x919",Peru,"67213",Singletonland
150,Cindy,Montgomery,,kelly16@example.com,+1-278-655-1088x56914,Guinea-Bissau,"78451",New James
151,Daniel,Sanchez,,sadams@example.org,"792-385-4434",Estonia,"75383",Shawnside
152,Gary,Robinson,,johnsonjill@example.net,+1-433-664-9836,Malaysia,"18695",Robertfort
153,Lisa,Peterson,,kmitchell@example.com,"303.532.2936x39293",United States Minor Outlying Islands,"92906",Port Ricardo
154,Ashley,Beck,,nwilliams@example.com,"001-652-739-3239",Bouvet Island (Bouvetoya),"69337",Hansenland
155,Katherine,Rogers,,agreen@example.com,"271.969.4242x0423",Cambodia,"20469",Lake John
156,Elizabeth,Fuller,,qarmstrong@example.org,(384)527-5891,Austria,"37252",New Davidborough
157,Scott,Johnson,,fjohnson@example.org,"001-706-394-3314x20713",Ukraine,"54442",Aliciachester
158,Kelly,Lowery,,mariahcasey@example.com,"391-881-5255",Sweden,"94326",West Steveborough
159,Edward,Bullock,,markrandolph@example.net,"279.568.6347x68912",Latvia,"69075",South Sara
160,Kendra,Jackson,,lisa98@example.net,"001-396-545-7348x8094",Azerbaijan,"12592",Scottberg
161,Susan,Jarvis,,upatton@example.net,"973.622.4723",Saint Martin,"47303",East Larry
162,Ann,Miller,,kathygonzalez@example.com,+1-687-287-2698x40367,Yemen,"35175",West Aprilborough
163,David,Bowers,,mark58@example.org,(395)870-8943,Costa Rica,"58224",South Marktown
164,Bob,Porter,,nicholas92@example.com,"675-559-5617",Zimbabwe,"52459",North Nancyborough
165,David,Jacobs,,iwilliams@example.com,"001-995-300-6442",India,"17473",New Jennifer
166,Heather,Braun,,bwatts@example.net,"748.334.5846x69386",Peru,"66266",Perezfort
167,Angela,Chang,,gregory19@example.net,"423-985-9415x023",Turkey,"79509",Richardfort
168,Amanda,Garcia,,callahanlinda@example.com,"842.879.2972",Azerbaijan,"25878",East Tammy
169,Patricia,Jones,,nathan57@example.org,"816.489.4408x406",Equatorial Guinea,"36913",Matthewchester
170,Gabriel,Jones,,gbeck@example.net,"493-812-7988x7979",San Marino,"67693",Lawrencefort
171,Jennifer,Russo,,muellerryan@example.org,+1-717-425-6262x42460,Denmark,"58327",Christophertown
172,Megan,Strickland,,twilson@example.com,"330.336.1654",Hong Kong,"99024",Kempfort
173,Mary,Patel,,bjackson@example.org,"766-248-9428",Israel,"41304",Wolfeport
174,Angela,Miller,,claudia22@example.net,"642-851-8934",Pakistan,"49539",Lozanoland
175,Eric,Taylor,,pageashley@example.org,"001-679-700-8782x978",Saint Lucia,"24639",Kimberlyfort
176,Jennifer,Banks,,thompsonmiguel@example.com,"695.960.5792x826",Slovakia (Slovak Republic),"96118",Austinmouth
177,Tabitha,Green,,browningjohn@example.org,"824-220-7684",Isle of Man,"47386",South Jeffreymouth
178,Morgan,Beck,,dmcclain@example.org,(517)506-9685x88636,Ukraine,"81171",Floresport
179,Christine,Ross,,qhendricks@example.org,"001-644-437-2956",Zambia,"15506",New Aaronstad
180,Rachel,Lin,,kevingomez@example.org,+1-366-683-5212,Marshall Islands,"83133",Connerfort
181,Ryan,Reyes,,mollybender@example.org,(364)554-1544x887,Mayotte,"04594",Jessicatown
182,Tom,Mcmillan,,wayne57@example.net,(474)506-6498x037,Turks and Caicos Islands,"14656",West Laura
183,Sarah,Saunders,,nortonadam@example.com,"842.886.1137",Martinique,"25651",West Traciburgh
184,Susan,Fischer,,ysanchez@example.org,"4329450345",Cambodia,"06368",Reedville
185,Laura,Williams,,clogan@example.org,"736.243.6362x9282",Slovenia,"85357",West Tina
186,John,Johnson,,myersdaniel@example.net,"231.243.5220x88649",Burundi,"36854",East Kimberlyshire
187,Chris,Phillips,,kaitlynsmith@example.com,"8062080162",Guam,"63101",Cynthiastad
188,David,Young,,landrykelly@example.net,"245.738.1600",Uruguay,"38214",South Wanda
189,Brent,Bowers,,velazquezricky@example.com,"3296861430",China,"63925",Matthewfort
190,Alicia,Howell,,leblancrobert@example.com,"4046098378",Italy,"50435",West Marcmouth
191,Sandra,Smith,,smithlaura@example.net,+1-823-409-8249,Poland,"55201",South Melissa
192,Paul,Johnson,,rnelson@example.net,"5189993129",India,"37376",Lake Victoria
193,Isaac,Ramirez,,jasmine52@example.com,(388)662-7123x3295,Mauritius,"75272",Melissamouth
194,Kelly,Hendricks,,crawfordsarah@example.net,"531-727-6926",United Arab Emirates,"99106",Reyesborough
195,Shawn,Mcdaniel,,mmurray@example.net,+1-502-267-5471x782,Zambia,"34383",Roweshire
196,Denise,Williams,,vlewis@example.org,+1-604-241-8993x0989,Tuvalu,"23427",Micheleville
197,Jonathan,Parker,,amercer@example.org,"794.868.6546",Saint Kitts and Nevis,"07937",Jaredfurt
198,Dawn,Perez,,vaughndebbie@example.org,+1-717-890-1018x339,Malaysia,"14017",East Matthew
199,Samuel,Gonzalez,,tracy61@example.com,"889-847-5095x6001",Liberia,"28420",Cathyfort
200,Gregory,Singleton,,megansheppard@example.net,"202-380-2859",French Polynesia,"44482",Lake Teresatown
201,Michael,Perkins,,uduncan@example.org,"232-260-7798x86572",Jamaica,"79785",Martinmouth
202,Darryl,Patterson,,emily28@example.org,(911)574-5815x93667,Algeria,"24055",Robertmouth
203,Tyler,Rojas,,omichael@example.com,+1-599-295-8896,Barbados,"33931",West Thomasfurt
204,Benjamin,Church,,tyler59@example.net,"838.514.5025",Timor-Leste,"28847",Frankview
205,Brian,Walton,,hessjustin@example.org,"001-403-847-6098",Montserrat,"11729",South Evan
206,Danielle,Martin,,thomaskelly@example.net,"001-288-886-6343",United Arab Emirates,"34453",South Paul
307,Laura,Galešić,,victorpoelitz@example.com,"0800 43 94",Zypern,"42184858",Karlsruhe
308,Gereon,Dvojak,,karlakocijancic@example.net,"060 937 021",Kolumbija,"42184858",Greiz
309,Dario,Lovrić,,ijagarinec@example.net,+49(0)8234 359214,Honduras,"42184858",Pag
310,Liesbeth,Langern,,miletudor@example.com,+49(0) 757056592,Sjeverni Marijanski Otoci,"42184858",Sveti Ivan Zelina
311,Sophie,Schuchhardt,,ika60@example.net,+49(0)8910480161,Dschibuti,"42184858",Novi Marof
312,Toni,Zimmer,,penicjosko@example.org,+49(0)1901800403,Bahrein,"42184858",Nin
313,Ika,Lasić,,martindizdar@example.com,"052 422 768",Afghanistan,"42184858",Omiš
314,Nika,Rust,,spoljaricmateja@example.net,"099 1906 265",Guyana,"42184858",Bergzabern
315,Leon,Radman,,gordanarahija@example.net,"031 176 750",Tadschikistan,"42184858",Wunsiedel
316,Wera,Staničić,,joskosobota@example.org,"034 369 316",Côte d’Ivoire,"42184858",Koprivnica
317,Ružica,Ribičić,,fmisicher@example.com,"03370 41631",Liberija,"42184858",Wertingen
318,Pavao,Kühnert,,hethurclaus-dieter@example.org,"031 846 898",Barbados,"42184858",Schmölln
319,Magdalena,Müller,,victorkrebs@example.org,"00353156111",Falklandinseln,"42184858",Forchheim
320,Antun,Roso,,bjelisjulijana@example.com,"074 460 991",St. Kitts und Nevis,"42184858",Berchtesgaden
321,Luka,Schmidt,,zdravko35@example.net,"033 048 182",Indija,"42184858",Dugo Selo
322,Dalibor,Geisler,,mstanic@example.net,"040 805 438",Luxemburg,"42184858",Königs Wusterhausen
323,Branko,Bender,,stiffelswantje@example.net,"042 891 883",Britanski Djevičanski Otoci,"42184858",Novigrad
324,Mirjana,Perišić,,cichoriussandro@example.org,"03294 16181",Belgien,"42184858",Burgdorf
325,Anđela,Koch,,skupnjakantonio@example.net,"020 995 416",Wallis und Futuna,"42184858",Buzet
326,Herrmann,Davids,,rochusheser@example.com,+49(0)3642 51239,Bahrain,"42184858",Wurzen
327,Ingmar,Lazar,,jvidov@example.com,(09123) 12214,Kap Verde,"42184858",Dessau
328,Elizabeta,Liović,,aschomber@example.org,"040 937 649",Antarktis,"42184858",Prelog
329,Dario,Seip,,loefflerrosemarie@example.org,"020 827 606",Nigerija,"42184858",Calau
330,Helmut,Röhrdanz,,gutezdenka@example.org,+49(0)1235722531,Kiribati,"42184858",Geithain
331,Ivana,Koch II,,matovinakarlo@example.net,(07832) 65757,Malediven,"42184858",Imotski
332,Nataša,Kolega,,jnorac@example.com,"0800 86 28",Äußeres Ozeanien,"42184858",Mursko Središće
333,Ilija,Šantić,,iflego@example.com,+49(0)0950 368483,Nördliche Marianen,"42184858",Požega
334,Yilmaz,Ugrinić,,barbarajemric@example.com,"03477437811","Iran, Islamska Republika","42184858",Vodnjan
335,Alla,Šitum,,joskoklaric@example.com,+49 (0) 4926 056887,Paraguay,"42184858",Saulgau
336,Mate,Banovac,,hornigklaus-d@example.com,"095 6789 014",Palästinensische Gebiete,"42184858",Našice
337,Ildiko,Culi,,austermuehletilly@example.net,"03761 726490",Mikronesien,"42184858",Berlin
338,Enver,Kauzlarić,,opalic@example.com,(04858) 586376,Kanada,"42184858",Poreč
339,Olga,Adler,,annetteliebelt@example.com,"04193 334829",Turks- und Caicosinseln,"42184858",Spremberg
340,Dominik,Vidović,,ivajuretic@example.net,"092 8515 620",Russische Föderation,"42184858",Bad Kreuznach
341,Mohammad,Majstorović,,thanelgerti@example.org,+49(0) 073849884,Niger,"42184858",Hammelburg
342,Ljiljana,Schäfer,,igor28@example.org,"0950502432",Malediven,"42184858",Bogen
343,Jadranka,Gunpf,,antoinetteloechel@example.net,(00375) 13803,Britische Jungferninseln,"42184858",Vukovar
344,Ivka,Ullmann,,sanja54@example.net,"098 1964 511",Philippinen,"42184858",Sangerhausen
345,Gordana,Jagečić,,ikolega@example.com,"09383 017809",Čile,"42184858",Zadar
346,Hanno,Blümel,,hvukusic@example.net,"01 0963 327",St. Barthélemy,"42184858",Freital
347,Patrik,Jagečić,,dragicatudic@example.net,+49(0)3781 042300,Kazakstan,"42184858",Wernigerode
348,Zdravko,Johann,,zbeckmann@example.com,"034 486 654",Ujedinjeni Arapski Emirati,"42184858",Auerbach
349,Fernando,Salz,,katakolic@example.org,+49(0)1400 999014,Färöer,"42184858",Säckingen
350,Alex,Hölzenbecher,,albina79@example.net,"033 392 062",Sv. Lucija,"42184858",Petrinja
351,Teresa,Etzler,,bernhard12@example.com,"020 436 335",Tokelau,"42184858",Supetar
352,Gerta,Maraš,,matija37@example.net,(04314) 22773,Sonderverwaltungszone Hongkong,"42184858",Opuzen
353,Felicia,Henck,,markoorlovic@example.com,"097 7803 715",Samoa,"42184858",Glina
354,Laura,Heintze,,toni62@example.com,"049 690 364",Russische Föderation,"42184858",Perleberg
355,Fedor,Hoffmann,,rholt@example.net,"095 6818 852",São Tomé und Príncipe,"42184858",Poreč
356,Priska,Piljek,,gordana37@example.net,(09163) 551903,Zypern,"42184858",Dugo Selo
357,Karl-Wilhelm,Bloch,,bucanacdarko@example.net,"074 613 144",Sonderverwaltungszone Macao,"42184858",Riesa
358,Ilija,Gredičak,,marin29@example.com,"05029 597953",Uzbekistan,"42184858",Crikvenica
359,Pero,Martin,,klaus-werner17@example.org,"022 782 049",Alandski otoci,"42184858",Ochsenfurt
360,Nicolaus,Schleich,,simarafuma@example.org,"023 101 311",Bulgarien,"42184858",Crikvenica
361,Suzana,Piljek,,steficajagecic@example.org,"042 274 557",Malezija,"42184858",Havelberg
362,Katarina,Horvatek,,ssalz@example.org,"032 006 352",Turska,"42184858",Pirmasens
363,Michail,Krebs,,alfstumpf@example.com,"04701 87608",Singapur,"42184858",Gunzenhausen
364,Zvonko,Štefanec,,tilmannbauer@example.com,"020 148 178",Sirija,"42184858",Ebermannstadt
365,Danijel,Kostolzin,,matejabaljak@example.com,+49(0)0369 383107,Honduras,"42184858",Vilsbiburg
366,Patrik,Zimmer,,kerekovicdragica@example.org,"021 874 701",Französisch-Polynesien,"42184858",Amberg
367,Hakan,Gligora,,steymiroslav@example.com,"06212081793",Vereinigte Arabische Emirate,"42184858",Rathenow
368,Pero,Križan,,jgroettner@example.org,+49(0)9637 467584,Kokosovi Otoci,"42184858",Krapina
369,Nikša,Bošnjaković,,trubinortwin@example.net,"051 120 030",Ägypten,"42184858",Luckau
370,Folkert,Junken,,qbauer@example.com,+49(0)0436910395,Bugarska,"42184858",Sigmaringen
371,Nikolaj,Kreusel,,eberthsemra@example.com,"042 101 846",Gvajana,"42184858",Sveta Nedelja
372,Gordana,Kallert,,karlovicdanijel@example.net,"034 270 981",Sonderverwaltungszone Macao,"42184858",Aachen
373,Ante,Tudić,,snjezanaplese@example.org,"00599472256",Saudijska Arabija,"42184858",Warendorf
374,Gerald,Hermighausen,,vlasicdjuro@example.org,"040 131 936",São Tomé und Príncipe,"42184858",Pinneberg
375,Dušan,Juncken,,ingo38@example.org,+49(0)1863 308000,Spanien,"42184858",Sternberg
376,Hanspeter,Sedlar,,aleksejsaeuberlich@example.com,+49 (0) 9026 124867,Tadschikistan,"42184858",Wolfratshausen
377,Sara,Legović,,oterzic@example.org,+49(0) 769127150,St. Barthélemy,"42184858",Varaždin
378,Eckard,Döring,,damir07@example.net,(04052) 80363,Mauricijus,"42184858",Rudolstadt
379,Šime,Babić,,natali27@example.net,+49(0)4023 65832,Liberija,"42184858",Wesel
380,Käthe,Steckel,,adrian15@example.org,+49(0)2606794637,Kiribati,"42184858",Nova Gradiška
381,Barbara,Brlek,,jaehnjonathan@example.net,+49 (0) 8493 932232,Saudijska Arabija,"42184858",Karlovac
382,Jozo,Andrijašević,,gerta16@example.net,"051 303 367",Litauen,"42184858",Bjelovar
383,Ruža,Boucsein,,joachim82@example.com,"06133274819",Philippinen,"42184858",Mali Lošinj
384,Mara,Tomić,,katerinamitschke@example.org,+49(0)8462800539,Brasilien,"42184858",Klanjec
385,Veit,Trub,,zeljka19@example.org,"074 852 674",Filipini,"42184858",Đurđevac
386,Vesna,Božanić,,hnohlmans@example.net,+49(0) 824792308,Liberia,"42184858",Marienberg
387,Mesut,Karz,,sasa95@example.org,(00900) 427995,Sjeverni Marijanski Otoci,"42184858",Kamenz
388,Marijana,Alković,,damir21@example.com,+49(0)6266682987,Mali,"42184858",Trogir
389,Marica,Žugec,,elisabetladeck@example.org,"033 713 273",Tunis,"42184858",Calau
390,Ignaz,Schottin,,zoravukman@example.com,+49(0)3908408968,Luxemburg,"42184858",Schweinfurt
391,Stavros,Paffrath,,sanjavuk@example.org,"091 8238 691",Französisch-Guayana,"42184858",Eisenberg
392,Hans-Jochen,Mihelčić,,lidijazupanic@example.com,+49(0)8298 460606,Paraguay,"42184858",Kutjevo
393,Mladen,Horak,,stolledward@example.net,+49(0)1283436710,Schweiz,"42184858",Ludwigslust
394,Milka,Marasović,,kelecicjele@example.net,"048 786 972",Španjolska,"42184858",Rovinj
395,Lana,Cvetković,,nikolinamatesa@example.com,"053 585 263",Tanzanija,"42184858",Miltenberg
396,Ante,Dussen van,,anicichana@example.com,"022 107 116",Namibia,"42184858",Neu-Ulm
397,Ivica,Brezjan,,henschelbayram@example.net,"040 065 083",Kiribati,"42184858",Worbis
398,Jana,Šalić,,alwinekitzmann@example.org,"033 515 338",Kasachstan,"42184858",Lepoglava
399,Susana,Kusch,,mzorbach@example.net,"097 9453 517",Obala Slonovače,"42184858",Čakovec
400,Mira,Maloča,,diedrich84@example.net,"00866 748653",Kuba,"42184858",Hersbruck
401,Joana,Seip,,nina58@example.com,(06142) 934616,Ägypten,"42184858",Kastav
402,Anton,Urlić,,ymilas@example.net,"049 781 728",Kuba,"42184858",Bad Liebenwerda
403,Jakov,Siering,,genovevamangold@example.org,"098 2884 905",Puerto Rico,"42184858",Lipik
404,Sandra,Vučetić,,tomislav26@example.org,(02074) 60100,Japan,"42184858",Garešnica
405,Katherina,Jäntsch,,nhornig@example.com,"022 364 393",Kaimaninseln,"42184858",Rathenow
406,Guntram,Šokčević,,seideleditha@example.org,"097 3422 975",Tajvan,"42184858",Slavonski Brod
